<metadata xml:lang="en"><idinfo><native>Microsoft Windows XP Version 5.1 (Build 2600) Service Pack 2; ESRI ArcCatalog 9.2.2.1350</native><descript><abstract>Neighborhoods is a polygon featureclass which contains the City of Bellingham's Neighborhood Boundaries. Attributes include Neighborhood Name, Neighborhood Code and a URL field linking to the City of Bellingham's Neighborhood web page.</abstract><purpose>The purpose of the Neighborhood's data is to show the location of Neighborhood's within the City of Bellingham city limits.</purpose></descript><citation><citeinfo><origin>City of Bellingham</origin><pubdate>20160310</pubdate><title>Neighborhoods</title><geoform>vector digital data</geoform><pubinfo><publish>City of Bellingham, Planning Department</publish><pubplace>Bellingham, WA</pubplace></pubinfo><onlink>http://www.cob.org/services/maps</onlink><onlink>ftp://ftp.cob.org/GIS_Data/</onlink></citeinfo></citation><timeperd><current>Publication date</current><timeinfo><sngdate><caldate>20160310</caldate></sngdate></timeinfo></timeperd><status><progress>Complete</progress><update>As needed</update></status><keywords><theme><themekt>ISO 19115 Topic Category</themekt><themekey>planningCadastre</themekey></theme><place><placekt>None</placekt><placekey>City of Bellingham</placekey><placekey>United States</placekey><placekey>Washington</placekey><placekey>Whatcom County</placekey></place><theme><themekt>COB</themekt><themekey>Facilities</themekey></theme><theme><themekt>EPA GIS Keyword Thesaurus</themekt><themekey>Land</themekey></theme><theme><themekt>User</themekt><themekey>Cadastral</themekey></theme></keywords><accconst>None.</accconst><useconst>None. Data are considered current to the date of the original source material. Please check sources, scale, accuracy, currentness and other available information. Please confirm that you are using the most recent copy of both data and metadata.</useconst><spdom><bounding><westbc>-122.574</westbc><eastbc>-122.303</eastbc><northbc>48.823</northbc><southbc>48.644</southbc></bounding></spdom><secinfo><secsys>COB Metadata Implementation</secsys><secclass>No Confidentiality</secclass><sechandl>Standard Technical Controls</sechandl></secinfo><ptcontac><cntinfo><cntorgp><cntorg>City of Bellingham</cntorg><cntper>Planning GIS Staff</cntper></cntorgp><cntpos>Planning GIS Staff</cntpos><cntaddr><addrtype>mailing and physical address</addrtype><address>210 Lottie St</address><city>Bellingham</city><state>WA</state><postal>98225</postal></cntaddr><cntvoice>360-778-8300</cntvoice><cntfax>360-778-8302</cntfax><cntemail>gishelp@cob.org</cntemail><cntinst>http://www.cob.org/services/maps/index.aspx</cntinst></cntinfo></ptcontac></idinfo><spref><horizsys><planar><planci><plance>coordinate pair</plance><plandu>survey feet</plandu><coordrep><absres>0.000195</absres><ordres>0.000195</ordres></coordrep></planci></planar><geodetic><horizdn>North American Datum of 1983</horizdn><ellips>Geodetic Reference System 80</ellips><semiaxis>6378137.000000</semiaxis><denflat>298.257222</denflat></geodetic></horizsys></spref><dataqual><logic>Tests for integrity have not been performed.</logic><complete>Features represented have not been tested for completeness</complete><posacc><horizpa><horizpar>Horizontal positional accuracy may vary greatly throughout these data. Consult attribute descriptions to locate a horizontal accuracy code if present.</horizpar></horizpa></posacc><lineage><procstep><procdate>2010215</procdate><procdesc>Metadata created</procdesc></procstep></lineage></dataqual><metainfo><metd>20210420</metd><metfrd>20250420</metfrd><metstdn>FGDC Content Standard for Digital Geospatial Metadata</metstdn><metstdv>FGDC-STD-001-1998</metstdv><metc><cntinfo><cntorgp><cntorg>City of Bellingham</cntorg><cntper>GIS Staff</cntper></cntorgp><cntpos>GIS Staff</cntpos><cntaddr><addrtype>mailing and physical address</addrtype><address>210 Lottie St</address><city>Bellingham</city><state>WA</state><postal>98225</postal></cntaddr><cntvoice>360-778-7700</cntvoice><cntfax>360-778-7701</cntfax><cntemail>gishelp@cob.org</cntemail><cntinst>http://www.cob.org/services/maps/index.aspx</cntinst></cntinfo></metc></metainfo><distinfo><resdesc>Downloadable Data</resdesc><distliab>The City of Bellingham has developed these data and maps for its own use and no warranty expressed or implied is made regarding the merchantability and fitness for a particular purpose nor shall the act of distribution constitute any such warranty. It is also strongly recommended that careful attention be paid to the contents of the metadata file associated with these data to evaluate data set limitations, restrictions, or intended use.  The City of Bellingham shall not be held liable for improper or incorrect use of the data described and/or contained herein. The risk or liability resulting from the use of this product is entirely assumed by the user.</distliab><distrib><cntinfo><cntorgp><cntorg>City of Bellingham</cntorg><cntper>Planning GIS Staff</cntper></cntorgp><cntpos>Planning GIS Staff</cntpos><cntaddr><addrtype>mailing and physical address</addrtype><address>210 Lottie St</address><city>Bellingham</city><state>WA</state><postal>98225</postal></cntaddr><cntvoice>360-778-8300</cntvoice><cntfax>360-778-8302</cntfax><cntemail>gishelp@cob.org</cntemail><cntinst>http://www.cob.org/services/maps/index.aspx</cntinst></cntinfo></distrib></distinfo><eainfo><detailed Name="Neighborhoods"><enttyp><enttypl>sdecob.COBGIS.plan_Neighborhoods</enttypl><enttypd>City of Bellingham Neighborhoods</enttypd><enttypds>COB</enttypds><enttypt Sync="TRUE">Feature Class</enttypt><enttypc Sync="TRUE">0</enttypc></enttyp><attr><attrlabl Sync="TRUE">FID</attrlabl><attalias Sync="TRUE">FID</attalias><attrtype Sync="TRUE">OID</attrtype><attwidth Sync="TRUE">4</attwidth><atprecis Sync="TRUE">0</atprecis><attscale Sync="TRUE">0</attscale><attrdef Sync="TRUE">Internal feature number.</attrdef><attrdefs Sync="TRUE">Esri</attrdefs><attrdomv><udom Sync="TRUE">Sequential unique whole numbers that are automatically generated.</udom></attrdomv></attr><attr><attrlabl>URL</attrlabl><attrdef>url link to the neighborhood information page</attrdef><attrdefs>COB</attrdefs><attrdomv><udom>free text</udom></attrdomv><attalias Sync="TRUE">URL</attalias><attrtype Sync="TRUE">String</attrtype><attwidth Sync="TRUE">254</attwidth><atprecis Sync="TRUE">0</atprecis><attscale Sync="TRUE">0</attscale></attr><attr><attrlabl Sync="TRUE">NEIGHBORHO</attrlabl><attalias Sync="TRUE">NEIGHBORHO</attalias><attrtype Sync="TRUE">String</attrtype><attwidth Sync="TRUE">50</attwidth><atprecis Sync="TRUE">0</atprecis><attscale Sync="TRUE">0</attscale></attr><attr><attrlabl Sync="TRUE">NEIGHBOR_1</attrlabl><attalias Sync="TRUE">NEIGHBOR_1</attalias><attrtype Sync="TRUE">String</attrtype><attwidth Sync="TRUE">2</attwidth><atprecis Sync="TRUE">0</atprecis><attscale Sync="TRUE">0</attscale></attr><attr><attrlabl>Shape</attrlabl><attrdef>Feature geometry.</attrdef><attrdefs>Esri</attrdefs><attrdomv><udom>Coordinates defining the features.</udom></attrdomv><attalias Sync="TRUE">Shape</attalias><attrtype Sync="TRUE">Geometry</attrtype><attwidth Sync="TRUE">0</attwidth><atprecis Sync="TRUE">0</atprecis><attscale Sync="TRUE">0</attscale></attr><attr><attrlabl>GlobalID</attrlabl><attrdef>Internal feature ID</attrdef><attrdefs>Esri</attrdefs><attrdomv><udom>numeric</udom></attrdomv><attalias Sync="TRUE">GlobalID</attalias><attrtype Sync="TRUE">String</attrtype><attwidth Sync="TRUE">38</attwidth><atprecis Sync="TRUE">0</atprecis><attscale Sync="TRUE">0</attscale></attr><attr><attrlabl Sync="TRUE">created_us</attrlabl><attalias Sync="TRUE">created_us</attalias><attrtype Sync="TRUE">String</attrtype><attwidth Sync="TRUE">254</attwidth><atprecis Sync="TRUE">0</atprecis><attscale Sync="TRUE">0</attscale></attr><attr><attrlabl Sync="TRUE">created_da</attrlabl><attalias Sync="TRUE">created_da</attalias><attrtype Sync="TRUE">Date</attrtype><attwidth Sync="TRUE">8</attwidth><atprecis Sync="TRUE">0</atprecis><attscale Sync="TRUE">0</attscale></attr><attr><attrlabl Sync="TRUE">last_edite</attrlabl><attalias Sync="TRUE">last_edite</attalias><attrtype Sync="TRUE">String</attrtype><attwidth Sync="TRUE">254</attwidth><atprecis Sync="TRUE">0</atprecis><attscale Sync="TRUE">0</attscale></attr><attr><attrlabl Sync="TRUE">last_edi_1</attrlabl><attalias Sync="TRUE">last_edi_1</attalias><attrtype Sync="TRUE">Date</attrtype><attwidth Sync="TRUE">8</attwidth><atprecis Sync="TRUE">0</atprecis><attscale Sync="TRUE">0</attscale></attr><attr><attrlabl Sync="TRUE">Shape_Leng</attrlabl><attalias Sync="TRUE">Shape_Leng</attalias><attrtype Sync="TRUE">Double</attrtype><attwidth Sync="TRUE">19</attwidth><atprecis Sync="TRUE">0</atprecis><attscale Sync="TRUE">0</attscale></attr><attr><attrlabl Sync="TRUE">Shape_Area</attrlabl><attalias Sync="TRUE">Shape_Area</attalias><attrtype Sync="TRUE">Double</attrtype><attwidth Sync="TRUE">19</attwidth><atprecis Sync="TRUE">0</atprecis><attscale Sync="TRUE">0</attscale><attrdef Sync="TRUE">Area of feature in internal units squared.</attrdef><attrdefs Sync="TRUE">Esri</attrdefs><attrdomv><udom Sync="TRUE">Positive real numbers that are automatically generated.</udom></attrdomv></attr></detailed><overview><eaover>Attribute information includes Neighborhood Names, Neighborhood Codes and URL linking to City of Bellingham Neighborhood's web pages</eaover><eadetcit>COB</eadetcit></overview></eainfo><dataIdInfo><envirDesc Sync="TRUE">Microsoft Windows 10 Version 10.0 (Build 26100) ; Esri ArcGIS 13.4.0.55405</envirDesc><dataLang><languageCode value="eng" Sync="TRUE"></languageCode><countryCode value="USA" Sync="TRUE"></countryCode></dataLang><idCitation><resTitle Sync="TRUE">Neighborhoods</resTitle><presForm><PresFormCd value="005" Sync="TRUE"></PresFormCd></presForm></idCitation><spatRpType><SpatRepTypCd value="001" Sync="TRUE"></SpatRepTypCd></spatRpType></dataIdInfo><mdLang><languageCode value="eng" Sync="TRUE"></languageCode><countryCode value="USA" Sync="TRUE"></countryCode></mdLang><Esri><DataProperties><itemProps><itemName Sync="TRUE">Neighborhoods</itemName><imsContentType Sync="TRUE">002</imsContentType><itemLocation><linkage Sync="TRUE">file://\\CENV-L-AH215-05\C$\Users\wangsne\OneDrive - Western Washington University\Classes\ESCI599\AppDevelopment\Assignments\FinalProject\Data\Neighborhoods.shp</linkage><protocol Sync="TRUE">Local Area Network</protocol></itemLocation><itemSize Sync="TRUE">0.000</itemSize></itemProps><coordRef><type Sync="TRUE">Projected</type><geogcsn Sync="TRUE">GCS_North_American_1983</geogcsn><csUnits Sync="TRUE">Linear Unit: Foot_US (0.304801)</csUnits><projcsn Sync="TRUE">NAD_1983_StatePlane_Washington_North_FIPS_4601_Feet</projcsn><peXml Sync="TRUE">&lt;ProjectedCoordinateSystem xsi:type='typens:ProjectedCoordinateSystem' xmlns:xsi='http://www.w3.org/2001/XMLSchema-instance' xmlns:xs='http://www.w3.org/2001/XMLSchema' xmlns:typens='http://www.esri.com/schemas/ArcGIS/3.4.0'&gt;&lt;WKT&gt;PROJCS[&amp;quot;NAD_1983_StatePlane_Washington_North_FIPS_4601_Feet&amp;quot;,GEOGCS[&amp;quot;GCS_North_American_1983&amp;quot;,DATUM[&amp;quot;D_North_American_1983&amp;quot;,SPHEROID[&amp;quot;GRS_1980&amp;quot;,6378137.0,298.257222101]],PRIMEM[&amp;quot;Greenwich&amp;quot;,0.0],UNIT[&amp;quot;Degree&amp;quot;,0.0174532925199433]],PROJECTION[&amp;quot;Lambert_Conformal_Conic&amp;quot;],PARAMETER[&amp;quot;False_Easting&amp;quot;,1640416.666666667],PARAMETER[&amp;quot;False_Northing&amp;quot;,0.0],PARAMETER[&amp;quot;Central_Meridian&amp;quot;,-120.8333333333333],PARAMETER[&amp;quot;Standard_Parallel_1&amp;quot;,47.5],PARAMETER[&amp;quot;Standard_Parallel_2&amp;quot;,48.73333333333333],PARAMETER[&amp;quot;Latitude_Of_Origin&amp;quot;,47.0],UNIT[&amp;quot;Foot_US&amp;quot;,0.3048006096012192],AUTHORITY[&amp;quot;EPSG&amp;quot;,2285]],VERTCS[&amp;quot;NAVD_1988&amp;quot;,VDATUM[&amp;quot;North_American_Vertical_Datum_1988&amp;quot;],PARAMETER[&amp;quot;Vertical_Shift&amp;quot;,0.0],PARAMETER[&amp;quot;Direction&amp;quot;,1.0],UNIT[&amp;quot;Meter&amp;quot;,1.0],AUTHORITY[&amp;quot;EPSG&amp;quot;,5703]]&lt;/WKT&gt;&lt;XOrigin&gt;-117104300&lt;/XOrigin&gt;&lt;YOrigin&gt;-99539600&lt;/YOrigin&gt;&lt;XYScale&gt;37926742.22403606&lt;/XYScale&gt;&lt;ZOrigin&gt;-100000&lt;/ZOrigin&gt;&lt;ZScale&gt;10000&lt;/ZScale&gt;&lt;MOrigin&gt;-100000&lt;/MOrigin&gt;&lt;MScale&gt;10000&lt;/MScale&gt;&lt;XYTolerance&gt;0.0032808333333333331&lt;/XYTolerance&gt;&lt;ZTolerance&gt;0.001&lt;/ZTolerance&gt;&lt;MTolerance&gt;0.001&lt;/MTolerance&gt;&lt;HighPrecision&gt;true&lt;/HighPrecision&gt;&lt;WKID&gt;102748&lt;/WKID&gt;&lt;LatestWKID&gt;2285&lt;/LatestWKID&gt;&lt;VCSWKID&gt;5703&lt;/VCSWKID&gt;&lt;LatestVCSWKID&gt;5703&lt;/LatestVCSWKID&gt;&lt;/ProjectedCoordinateSystem&gt;</peXml></coordRef><lineage><Process ToolSource="c:\program files (x86)\arcgis\desktop10.7\ArcToolbox\Toolboxes\Data Management Tools.tbx\CopyFeatures" Date="20250511" Time="094524">CopyFeatures plan_Neighborhoods_lyr \\sfg-gis.in.cob.org\GISData\ArcGIS_Enterprise\admin\FTPOutput_Admin\COB_Planning.gdb\plan_Neighborhoods # 0 0 0</Process><Process ToolSource="c:\program files\arcgis\pro\Resources\ArcToolbox\toolboxes\Conversion Tools.tbx\ExportFeatures" Date="20250521" Time="110537">ExportFeatures plan_Neighborhoods "C:\Users\wangsne\OneDrive - Western Washington University\Classes\ESCI599\AppDevelopment\Assignments\FinalProject\Data\Neighborhoods.shp" # NOT_USE_ALIAS "NEIGHBORHOOD_NAME "NEIGHBORHOOD_NAME" true true false 50 Text 0 0,First,#,plan_Neighborhoods,NEIGHBORHOOD_NAME,0,49;NEIGHBORHOOD_CODE "NEIGHBORHOOD_CODE" true true false 2 Text 0 0,First,#,plan_Neighborhoods,NEIGHBORHOOD_CODE,0,1;URL "URL" true true false 255 Text 0 0,First,#,plan_Neighborhoods,URL,0,254;GlobalID "GlobalID" false false true 38 Text 0 0,First,#,plan_Neighborhoods,GlobalID,-1,-1;created_user "created_user" true true false 255 Text 0 0,First,#,plan_Neighborhoods,created_user,0,254;created_date "created_date" true true false 8 Date 0 0,First,#,plan_Neighborhoods,created_date,-1,-1;last_edited_user "last_edited_user" true true false 255 Text 0 0,First,#,plan_Neighborhoods,last_edited_user,0,254;last_edited_date "last_edited_date" true true false 8 Date 0 0,First,#,plan_Neighborhoods,last_edited_date,-1,-1;Shape_Length "Shape_Length" false true true 8 Double 0 0,First,#,plan_Neighborhoods,Shape_Length,-1,-1;Shape_Area "Shape_Area" false true true 8 Double 0 0,First,#,plan_Neighborhoods,Shape_Area,-1,-1" #</Process><Process ToolSource="c:\program files\arcgis\pro\Resources\ArcToolbox\toolboxes\Data Management Tools.tbx\CalculateField" Date="20250521" Time="110608">CalculateField Neighborhoods NEIGHBORHO Proper($feature.NEIGHBORHO) ARCADE # TEXT NO_ENFORCE_DOMAINS</Process></lineage></DataProperties><SyncDate>20250521</SyncDate><SyncTime>11053600</SyncTime><ModDate>20250521</ModDate><ModTime>11053600</ModTime></Esri><distInfo><distFormat><formatName Sync="TRUE">Shapefile</formatName></distFormat><distTranOps><transSize Sync="TRUE">0.000</transSize></distTranOps></distInfo><mdHrLv><ScopeCd value="005" Sync="TRUE"></ScopeCd></mdHrLv><mdHrLvName Sync="TRUE">dataset</mdHrLvName><refSysInfo><RefSystem><refSysID><identCode code="2285" Sync="TRUE"></identCode><idCodeSpace Sync="TRUE">EPSG</idCodeSpace><idVersion Sync="TRUE">5.3(9.0.0)</idVersion></refSysID></RefSystem></refSysInfo><spatRepInfo><VectSpatRep><geometObjs Name="Neighborhoods"><geoObjTyp><GeoObjTypCd value="002" Sync="TRUE"></GeoObjTypCd></geoObjTyp><geoObjCnt Sync="TRUE">0</geoObjCnt></geometObjs><topLvl><TopoLevCd value="001" Sync="TRUE"></TopoLevCd></topLvl></VectSpatRep></spatRepInfo><spdoinfo><ptvctinf><esriterm Name="Neighborhoods"><efeatyp Sync="TRUE">Simple</efeatyp><efeageom code="4" Sync="TRUE"></efeageom><esritopo Sync="TRUE">FALSE</esritopo><efeacnt Sync="TRUE">0</efeacnt><spindex Sync="TRUE">FALSE</spindex><linrefer Sync="TRUE">FALSE</linrefer></esriterm></ptvctinf></spdoinfo><mdDateSt Sync="TRUE">20250521</mdDateSt></metadata>
