<metadata xml:lang="en"><idinfo><keywords><theme><themekt>ISO 19115 Topic Category</themekt><themekey>boundaries</themekey><themekey>location</themekey><themekey>planningCadastre</themekey></theme><theme><themekt>EPA GIS Keyword Thesaurus</themekt><themekey>Land</themekey><themekey>Management</themekey><themekey>Natural Resources</themekey></theme><place><placekt>None</placekt><placekey>City of Bellingham</placekey><placekey>United States</placekey><placekey>Washington</placekey><placekey>Whatcom County</placekey></place><theme><themekt>User</themekt><themekey>Cadastral</themekey><themekey>Land</themekey></theme></keywords><citation><citeinfo><origin>City of Bellingham</origin><title>Parks</title><pubinfo><publish>City of Bellingham</publish><pubplace>Bellingham, WA</pubplace></pubinfo><pubdate>20190627</pubdate><onlink>http://www.cob.org/services/maps</onlink><onlink>ftp://ftp.cob.org/GIS_Data/</onlink></citeinfo></citation><timeperd><current>Publication date</current><timeinfo><sngdate><caldate>20210727</caldate></sngdate></timeinfo></timeperd><status><progress>Complete</progress><update>As needed</update></status><accconst>None.</accconst><useconst>None. Data are considered current to the date of the original source material. Please check sources, scale, accuracy, currentness and other available information. Please confirm that you are using the most recent copy of both data and metadata.</useconst><descript><abstract>The park_Parks featureclass shows land areas owned and/or Maintained by the City of Bellingham Parks Department.</abstract><purpose>The park_Parks featureclass has two intended uses: (1) serve the City's cartographic needs and (2) feed the current asset management system, Cityworks.</purpose></descript><spdom><bounding><westbc>-122.574</westbc><eastbc>-122.303</eastbc><northbc>48.823</northbc><southbc>48.644</southbc></bounding></spdom><secinfo><secsys>COB Metadata Implementation</secsys><secclass>No Confidentiality</secclass><sechandl>Standard Technical Controls</sechandl></secinfo><ptcontac><cntinfo><cntorgp><cntorg>City of Bellingham</cntorg><cntper>GIS Staff</cntper></cntorgp><cntpos>GIS Staff</cntpos><cntaddr><addrtype>mailing and physical address</addrtype><address>210 Lottie St</address><city>Bellingham</city><state>WA</state><postal>98225</postal></cntaddr><cntvoice>360-778-7700</cntvoice><cntfax>360-778-7701</cntfax><cntemail>gishelp@cob.org</cntemail><cntinst>http://www.cob.org/services/maps/index.aspx</cntinst></cntinfo></ptcontac></idinfo><dataqual><logic>Tests for integrity have not been performed.</logic><complete>Features represented have not been tested for completeness</complete><posacc><horizpa><horizpar>Horizontal positional accuracy may vary greatly throughout these data.  Consult attribute descriptions to locate a horizontal accuracy code if present.</horizpar></horizpa></posacc><lineage><procstep><procdate>20160108</procdate><procdesc>Metadata created</procdesc></procstep><procstep><procdate>20210727</procdate><procdesc>Metadata reviewed</procdesc></procstep></lineage></dataqual><distinfo><resdesc>Offline Data</resdesc><distliab>The City of Bellingham has developed these data and maps for its own use and no warranty expressed or implied is made regarding the merchantability and fitness for a particular purpose nor shall the act of distribution constitute any such warranty. It is also strongly recommended that careful attention be paid to the contents of the metadata file associated with these data to evaluate data set limitations, restrictions, or intended use.  The City of Bellingham shall not be held liable for improper or incorrect use of the data described and/or contained herein. The risk or liability resulting from the use of this product is entirely assumed by the user.</distliab><distrib><cntinfo><cntorgp><cntorg>City of Bellingham</cntorg><cntper>GIS Staff</cntper></cntorgp><cntpos>GIS Staff</cntpos><cntaddr><addrtype>mailing and physical address</addrtype><address>210 Lottie St</address><city>Bellingham</city><state>WA</state><postal>98225</postal></cntaddr><cntvoice>360-778-7700</cntvoice><cntfax>360-778-7701</cntfax><cntemail>gishelp@cob.org</cntemail><cntinst>http://www.cob.org/services/maps/index.aspx</cntinst></cntinfo></distrib></distinfo><metainfo><metd>20210727</metd><metfrd>20250727</metfrd><metstdn>FGDC Content Standard for Digital Geospatial Metadata</metstdn><metstdv>FGDC-STD-001-1998</metstdv><metc><cntinfo><cntorgp><cntorg>City of Bellingham</cntorg><cntper>GIS Staff</cntper></cntorgp><cntpos>GIS Staff</cntpos><cntaddr><addrtype>mailing and physical address</addrtype><address>210 Lottie St</address><city>Bellingham</city><state>WA</state><postal>98225</postal></cntaddr><cntvoice>360-778-7700</cntvoice><cntfax>360-778-7701</cntfax><cntemail>gishelp@cob.org</cntemail><cntinst>http://www.cob.org/services/maps/index.aspx</cntinst></cntinfo></metc></metainfo><ArcGISFormat>1.0</ArcGISFormat><SyncOnce>TRUE</SyncOnce><eainfo><detailed Name="Parks"><enttyp><enttypl>sdecob.COBGIS.park_Parks</enttypl><enttypd>A list of attributes used to describe a park.</enttypd><enttypds>COB</enttypds><enttypt Sync="TRUE">Feature Class</enttypt><enttypc Sync="TRUE">0</enttypc></enttyp><attr><attrlabl Sync="TRUE">FID</attrlabl><attalias Sync="TRUE">FID</attalias><attrtype Sync="TRUE">OID</attrtype><attwidth Sync="TRUE">4</attwidth><atprecis Sync="TRUE">0</atprecis><attscale Sync="TRUE">0</attscale><attrdef Sync="TRUE">Internal feature number.</attrdef><attrdefs Sync="TRUE">Esri</attrdefs><attrdomv><udom Sync="TRUE">Sequential unique whole numbers that are automatically generated.</udom></attrdomv></attr><attr><attrlabl>ParkName</attrlabl><attrdef>The name of the park.</attrdef><attrdefs>COB</attrdefs><attrdomv><udom>unrepresentable domain</udom></attrdomv><attalias Sync="TRUE">ParkName</attalias><attrtype Sync="TRUE">String</attrtype><attwidth Sync="TRUE">50</attwidth><atprecis Sync="TRUE">0</atprecis><attscale Sync="TRUE">0</attscale></attr><attr><attrlabl>SHAPE</attrlabl><attrdef>Feature geometry.</attrdef><attrdefs>Esri</attrdefs><attrdomv><udom>Coordinates defining the features.</udom></attrdomv><attalias Sync="TRUE">Shape</attalias><attrtype Sync="TRUE">Geometry</attrtype><attwidth Sync="TRUE">0</attwidth><atprecis Sync="TRUE">0</atprecis><attscale Sync="TRUE">0</attscale></attr><attr><attrlabl Sync="TRUE">SHAPE_Leng</attrlabl><attalias Sync="TRUE">SHAPE_Leng</attalias><attrtype Sync="TRUE">Double</attrtype><attwidth Sync="TRUE">19</attwidth><atprecis Sync="TRUE">0</atprecis><attscale Sync="TRUE">0</attscale></attr><attr><attrlabl Sync="TRUE">SHAPE_Area</attrlabl><attalias Sync="TRUE">SHAPE_Area</attalias><attrtype Sync="TRUE">Double</attrtype><attwidth Sync="TRUE">19</attwidth><atprecis Sync="TRUE">0</atprecis><attscale Sync="TRUE">0</attscale><attrdef Sync="TRUE">Area of feature in internal units squared.</attrdef><attrdefs Sync="TRUE">Esri</attrdefs><attrdomv><udom Sync="TRUE">Positive real numbers that are automatically generated.</udom></attrdomv></attr></detailed></eainfo><dataIdInfo><envirDesc> Version 6.2 (Build 9200) ; Esri ArcGIS 10.7.1.11595</envirDesc><dataLang><languageCode value="eng"/><countryCode value="USA"/></dataLang><idCitation><resTitle>sdecob.COBGIS.park_Parks</resTitle><presForm><PresFormCd value="005"/></presForm></idCitation><spatRpType><SpatRepTypCd value="001"/></spatRpType><dataExt><geoEle><GeoBndBox esriExtentType="search"><exTypeCode>1</exTypeCode><westBL>-122.552667</westBL><eastBL>-122.375315</eastBL><northBL>48.816944</northBL><southBL>48.675025</southBL></GeoBndBox></geoEle></dataExt></dataIdInfo><mdLang><languageCode value="eng"/><countryCode value="USA"/></mdLang><distInfo><distFormat><formatName>SDE Feature Class</formatName></distFormat><distTranOps><transSize Sync="TRUE">0.000</transSize></distTranOps></distInfo><mdHrLv><ScopeCd value="005"/></mdHrLv><mdHrLvName>dataset</mdHrLvName><refSysInfo><RefSystem><refSysID><identCode code="2285"/><idCodeSpace>EPSG</idCodeSpace><idVersion>5.3(9.0.0)</idVersion></refSysID></RefSystem></refSysInfo><spatRepInfo><VectSpatRep><geometObjs Name="Parks"><geoObjTyp><GeoObjTypCd value="002" Sync="TRUE"></GeoObjTypCd></geoObjTyp><geoObjCnt Sync="TRUE">0</geoObjCnt></geometObjs><topLvl><TopoLevCd value="001" Sync="TRUE"></TopoLevCd></topLvl></VectSpatRep></spatRepInfo><spdoinfo><ptvctinf><esriterm Name="Parks"><efeatyp Sync="TRUE">Simple</efeatyp><efeageom code="4" Sync="TRUE"></efeageom><esritopo Sync="TRUE">FALSE</esritopo><efeacnt Sync="TRUE">0</efeacnt><spindex Sync="TRUE">FALSE</spindex><linrefer Sync="TRUE">FALSE</linrefer></esriterm></ptvctinf></spdoinfo><mdDateSt>20200110</mdDateSt><spref><horizsys><planar><planci><plance>coordinate pair</plance><coordrep><absres>0.00001</absres><ordres>0.00001</ordres></coordrep><plandu>feet</plandu></planci></planar><geodetic><horizdn>North American Datum of 1983</horizdn><ellips>Geodetic Reference System 1980</ellips><semiaxis>6378137.000000</semiaxis><denflat>298.257222</denflat></geodetic></horizsys></spref><Esri><DataProperties><itemProps><itemName Sync="TRUE">Parks</itemName><imsContentType Sync="TRUE">002</imsContentType><itemLocation><linkage Sync="TRUE">file://\\CENV-L-AH215-05\C$\Users\wangsne\OneDrive - Western Washington University\Classes\ESCI599\AppDevelopment\Assignments\FinalProject\Data\Parks.shp</linkage><protocol Sync="TRUE">Local Area Network</protocol></itemLocation><itemSize Sync="TRUE">0.000</itemSize></itemProps><coordRef><type Sync="TRUE">Projected</type><geogcsn Sync="TRUE">GCS_North_American_1983</geogcsn><csUnits Sync="TRUE">Linear Unit: Foot_US (0.304801)</csUnits><projcsn Sync="TRUE">NAD_1983_StatePlane_Washington_North_FIPS_4601_Feet</projcsn><peXml Sync="TRUE">&lt;ProjectedCoordinateSystem xsi:type='typens:ProjectedCoordinateSystem' xmlns:xsi='http://www.w3.org/2001/XMLSchema-instance' xmlns:xs='http://www.w3.org/2001/XMLSchema' xmlns:typens='http://www.esri.com/schemas/ArcGIS/3.4.0'&gt;&lt;WKT&gt;PROJCS[&amp;quot;NAD_1983_StatePlane_Washington_North_FIPS_4601_Feet&amp;quot;,GEOGCS[&amp;quot;GCS_North_American_1983&amp;quot;,DATUM[&amp;quot;D_North_American_1983&amp;quot;,SPHEROID[&amp;quot;GRS_1980&amp;quot;,6378137.0,298.257222101]],PRIMEM[&amp;quot;Greenwich&amp;quot;,0.0],UNIT[&amp;quot;Degree&amp;quot;,0.0174532925199433]],PROJECTION[&amp;quot;Lambert_Conformal_Conic&amp;quot;],PARAMETER[&amp;quot;False_Easting&amp;quot;,1640416.666666667],PARAMETER[&amp;quot;False_Northing&amp;quot;,0.0],PARAMETER[&amp;quot;Central_Meridian&amp;quot;,-120.8333333333333],PARAMETER[&amp;quot;Standard_Parallel_1&amp;quot;,47.5],PARAMETER[&amp;quot;Standard_Parallel_2&amp;quot;,48.73333333333333],PARAMETER[&amp;quot;Latitude_Of_Origin&amp;quot;,47.0],UNIT[&amp;quot;Foot_US&amp;quot;,0.3048006096012192],AUTHORITY[&amp;quot;EPSG&amp;quot;,2285]],VERTCS[&amp;quot;NAVD_1988&amp;quot;,VDATUM[&amp;quot;North_American_Vertical_Datum_1988&amp;quot;],PARAMETER[&amp;quot;Vertical_Shift&amp;quot;,0.0],PARAMETER[&amp;quot;Direction&amp;quot;,1.0],UNIT[&amp;quot;Meter&amp;quot;,1.0],AUTHORITY[&amp;quot;EPSG&amp;quot;,5703]]&lt;/WKT&gt;&lt;XOrigin&gt;-117104300&lt;/XOrigin&gt;&lt;YOrigin&gt;-99539600&lt;/YOrigin&gt;&lt;XYScale&gt;37926742.22403606&lt;/XYScale&gt;&lt;ZOrigin&gt;-100000&lt;/ZOrigin&gt;&lt;ZScale&gt;10000&lt;/ZScale&gt;&lt;MOrigin&gt;-100000&lt;/MOrigin&gt;&lt;MScale&gt;10000&lt;/MScale&gt;&lt;XYTolerance&gt;0.0032808333333333331&lt;/XYTolerance&gt;&lt;ZTolerance&gt;0.001&lt;/ZTolerance&gt;&lt;MTolerance&gt;0.001&lt;/MTolerance&gt;&lt;HighPrecision&gt;true&lt;/HighPrecision&gt;&lt;WKID&gt;102748&lt;/WKID&gt;&lt;LatestWKID&gt;2285&lt;/LatestWKID&gt;&lt;VCSWKID&gt;5703&lt;/VCSWKID&gt;&lt;LatestVCSWKID&gt;5703&lt;/LatestVCSWKID&gt;&lt;/ProjectedCoordinateSystem&gt;</peXml></coordRef><lineage><Process ToolSource="c:\program files (x86)\arcgis\desktop10.7\ArcToolbox\Toolboxes\Data Management Tools.tbx\CopyFeatures" Date="20250511" Time="094122">CopyFeatures park_Parks_lyr \\sfg-gis.in.cob.org\GISData\ArcGIS_Enterprise\admin\FTPOutput_Admin\COB_Parks.gdb\park_Parks # 0 0 0</Process><Process ToolSource="c:\program files\arcgis\pro\Resources\ArcToolbox\toolboxes\Analysis Tools.tbx\PairwiseDissolve" Date="20250512" Time="134121">PairwiseDissolve park_Parks "C:\Users\wangsne\OneDrive - Western Washington University\Classes\ESCI599\AppDevelopment\Assignments\FinalProject\FinalProjectDataProcessing\FinalProject.gdb\park_Parks_PairwiseDissolve" ParkName # MULTI_PART #</Process><Process ToolSource="c:\program files\arcgis\pro\Resources\ArcToolbox\toolboxes\Conversion Tools.tbx\ExportFeatures" Date="20250515" Time="104929">ExportFeatures park_Parks_PairwiseDissolve "C:\Users\wangsne\OneDrive - Western Washington University\Classes\ESCI599\AppDevelopment\Assignments\FinalProject\Data\Parks.shp" # NOT_USE_ALIAS "ParkName "Park Name" true true false 50 Text 0 0,First,#,park_Parks_PairwiseDissolve,ParkName,0,49;SHAPE_Length "SHAPE_Length" false true true 8 Double 0 0,First,#,park_Parks_PairwiseDissolve,SHAPE_Length,-1,-1;SHAPE_Area "SHAPE_Area" false true true 8 Double 0 0,First,#,park_Parks_PairwiseDissolve,SHAPE_Area,-1,-1" #</Process></lineage></DataProperties><SyncDate>20250515</SyncDate><SyncTime>10492900</SyncTime><ModDate>20250515</ModDate><ModTime>10492900</ModTime></Esri></metadata>
