<metadata xml:lang="en"><Esri><CreaDate>20250521</CreaDate><CreaTime>10435400</CreaTime><ArcGISFormat>1.0</ArcGISFormat><SyncOnce>FALSE</SyncOnce><DataProperties><lineage><Process ToolSource="c:\program files\arcgis\pro\Resources\ArcToolbox\toolboxes\Data Management Tools.tbx\CreateFeatureclass" Date="20250521" Time="104354">CreateFeatureclass "C:\Users\wangsne\OneDrive - Western Washington University\Classes\ESCI599\AppDevelopment\Assignments\FinalProject\FinalProjectDataProcessing\FinalProject.gdb" CleanedPoints_XYTableToPoint POINT GPLYR_{DEC86DC7-D34F-4B9A-827F-08B1FBD5FB9D} DISABLED DISABLED "GEOGCS["GCS_WGS_1984",DATUM["D_WGS_1984",SPHEROID["WGS_1984",6378137.0,298.257223563]],PRIMEM["Greenwich",0.0],UNIT["Degree",0.0174532925199433]];-400 -400 1000000000;-100000 10000;-100000 10000;8.98315284119521E-09;0.001;0.001;IsHighPrecision" # 0 0 0 # SAME_AS_TEMPLATE</Process><Process ToolSource="c:\program files\arcgis\pro\Resources\ArcToolbox\toolboxes\Data Management Tools.tbx\XYTableToPoint" Date="20250521" Time="104408">XYTableToPoint CleanedPoints.csv "C:\Users\wangsne\OneDrive - Western Washington University\Classes\ESCI599\AppDevelopment\Assignments\FinalProject\FinalProjectDataProcessing\FinalProject.gdb\CleanedPoints_XYTableToPoint" decimalLongitude decimalLatitude # "GEOGCS["GCS_WGS_1984",DATUM["D_WGS_1984",SPHEROID["WGS_1984",6378137.0,298.257223563]],PRIMEM["Greenwich",0.0],UNIT["Degree",0.0174532925199433]];-400 -400 1000000000;-100000 10000;-100000 10000;8.98315284119521E-09;0.001;0.001;IsHighPrecision"</Process><Process ToolSource="c:\program files\arcgis\pro\Resources\ArcToolbox\toolboxes\Analysis Tools.tbx\Identity" Date="20250521" Time="105157">Identity CleanedPoints_XYTableToPoint Neighborhoods "C:\Users\wangsne\OneDrive - Western Washington University\Classes\ESCI599\AppDevelopment\Assignments\FinalProject\FinalProjectDataProcessing\FinalProject.gdb\CleanedPoints_XYTab_Identity" ALL # NO_RELATIONSHIPS</Process><Process ToolSource="c:\program files\arcgis\pro\Resources\ArcToolbox\toolboxes\Analysis Tools.tbx\Identity" Date="20250521" Time="105602">Identity CleanedPoints_XYTab_Identity Parks "C:\Users\wangsne\OneDrive - Western Washington University\Classes\ESCI599\AppDevelopment\Assignments\FinalProject\FinalProjectDataProcessing\FinalProject.gdb\CleanedPoints_Identity" ALL # NO_RELATIONSHIPS</Process><Process ToolSource="c:\program files\arcgis\pro\Resources\ArcToolbox\toolboxes\Data Management Tools.tbx\DeleteField" Date="20250521" Time="105645">DeleteField CleanedPoints_Identity FID_Neighborhoods DELETE_FIELDS</Process><Process ToolSource="c:\program files\arcgis\pro\Resources\ArcToolbox\toolboxes\Data Management Tools.tbx\DeleteField" Date="20250521" Time="105703">DeleteField CleanedPoints_Identity NEIGHBOR_1 DELETE_FIELDS</Process><Process ToolSource="c:\program files\arcgis\pro\Resources\ArcToolbox\toolboxes\Data Management Tools.tbx\DeleteField" Date="20250521" Time="105717">DeleteField CleanedPoints_Identity URL DELETE_FIELDS</Process><Process ToolSource="c:\program files\arcgis\pro\Resources\ArcToolbox\toolboxes\Data Management Tools.tbx\DeleteField" Date="20250521" Time="105734">DeleteField CleanedPoints_Identity GlobalID DELETE_FIELDS</Process><Process ToolSource="c:\program files\arcgis\pro\Resources\ArcToolbox\toolboxes\Data Management Tools.tbx\DeleteField" Date="20250521" Time="105747">DeleteField CleanedPoints_Identity created_us DELETE_FIELDS</Process><Process ToolSource="c:\program files\arcgis\pro\Resources\ArcToolbox\toolboxes\Data Management Tools.tbx\DeleteField" Date="20250521" Time="105809">DeleteField CleanedPoints_Identity created_da DELETE_FIELDS</Process><Process ToolSource="c:\program files\arcgis\pro\Resources\ArcToolbox\toolboxes\Data Management Tools.tbx\DeleteField" Date="20250521" Time="105823">DeleteField CleanedPoints_Identity last_edite DELETE_FIELDS</Process><Process ToolSource="c:\program files\arcgis\pro\Resources\ArcToolbox\toolboxes\Data Management Tools.tbx\DeleteField" Date="20250521" Time="105837">DeleteField CleanedPoints_Identity last_edi_1 DELETE_FIELDS</Process><Process ToolSource="c:\program files\arcgis\pro\Resources\ArcToolbox\toolboxes\Data Management Tools.tbx\DeleteField" Date="20250521" Time="105852">DeleteField CleanedPoints_Identity Shape_Leng DELETE_FIELDS</Process><Process ToolSource="c:\program files\arcgis\pro\Resources\ArcToolbox\toolboxes\Data Management Tools.tbx\DeleteField" Date="20250521" Time="105928">DeleteField CleanedPoints_Identity FID_Parks DELETE_FIELDS</Process><Process ToolSource="c:\program files\arcgis\pro\Resources\ArcToolbox\toolboxes\Data Management Tools.tbx\DeleteField" Date="20250521" Time="110000">DeleteField CleanedPoints_Identity SHAPE_Leng_1 DELETE_FIELDS</Process><Process ToolSource="c:\program files\arcgis\pro\Resources\ArcToolbox\toolboxes\Data Management Tools.tbx\CalculateField" Date="20250521" Time="110210">CalculateField CleanedPoints_Identity NEIGHBORHO Proper($feature.NEIGHBORHO) ARCADE # TEXT NO_ENFORCE_DOMAINS</Process><Process ToolSource="c:\program files\arcgis\pro\Resources\ArcToolbox\toolboxes\Conversion Tools.tbx\ExportTable" Date="20250521" Time="110726">ExportTable CleanedPoints_Identity "C:\Users\wangsne\OneDrive - Western Washington University\Classes\ESCI599\AppDevelopment\Assignments\FinalProject\Data\WildlifePoints.csv" # NOT_USE_ALIAS "FID_CleanedPoints_XYTab_Identity "FID_CleanedPoints_XYTab_Identity" true true false 4 Long 0 0,First,#,CleanedPoints_Identity,FID_CleanedPoints_XYTab_Identity,-1,-1;FID_CleanedPoints_XYTableToPoint "FID_CleanedPoints_XYTableToPoint" true true false 4 Long 0 0,First,#,CleanedPoints_Identity,FID_CleanedPoints_XYTableToPoint,-1,-1;kingdom "kingdom" true true false 8000 Text 0 0,First,#,CleanedPoints_Identity,kingdom,0,7999;phylum "phylum" true true false 8000 Text 0 0,First,#,CleanedPoints_Identity,phylum,0,7999;class "class" true true false 8000 Text 0 0,First,#,CleanedPoints_Identity,class,0,7999;order_ "order_" true true false 8000 Text 0 0,First,#,CleanedPoints_Identity,order_,0,7999;family "family" true true false 8000 Text 0 0,First,#,CleanedPoints_Identity,family,0,7999;genus "genus" true true false 8000 Text 0 0,First,#,CleanedPoints_Identity,genus,0,7999;species "species" true true false 8000 Text 0 0,First,#,CleanedPoints_Identity,species,0,7999;infraspecificEpithet "infraspecificEpithet" true true false 8000 Text 0 0,First,#,CleanedPoints_Identity,infraspecificEpithet,0,7999;taxonRank "taxonRank" true true false 8000 Text 0 0,First,#,CleanedPoints_Identity,taxonRank,0,7999;scientificName "scientificName" true true false 8000 Text 0 0,First,#,CleanedPoints_Identity,scientificName,0,7999;verbatimScientificName "verbatimScientificName" true true false 8000 Text 0 0,First,#,CleanedPoints_Identity,verbatimScientificName,0,7999;decimalLatitude "decimalLatitude" true true false 8 Double 0 0,First,#,CleanedPoints_Identity,decimalLatitude,-1,-1;decimalLongitude "decimalLongitude" true true false 8 Double 0 0,First,#,CleanedPoints_Identity,decimalLongitude,-1,-1;day "day" true true false 8000 Text 0 0,First,#,CleanedPoints_Identity,day,0,7999;month "month" true true false 8000 Text 0 0,First,#,CleanedPoints_Identity,month,0,7999;year "year" true true false 8000 Text 0 0,First,#,CleanedPoints_Identity,year,0,7999;subfamily "subfamily" true true false 8000 Text 0 0,First,#,CleanedPoints_Identity,subfamily,0,7999;suborder "suborder" true true false 8000 Text 0 0,First,#,CleanedPoints_Identity,suborder,0,7999;commonName "commonName" true true false 8000 Text 0 0,First,#,CleanedPoints_Identity,commonName,0,7999;genusName "genusName" true true false 8000 Text 0 0,First,#,CleanedPoints_Identity,genusName,0,7999;familyName "familyName" true true false 8000 Text 0 0,First,#,CleanedPoints_Identity,familyName,0,7999;orderName "orderName" true true false 8000 Text 0 0,First,#,CleanedPoints_Identity,orderName,0,7999;className "className" true true false 8000 Text 0 0,First,#,CleanedPoints_Identity,className,0,7999;subfamilyName "subfamilyName" true true false 8000 Text 0 0,First,#,CleanedPoints_Identity,subfamilyName,0,7999;suborderName "suborderName" true true false 8000 Text 0 0,First,#,CleanedPoints_Identity,suborderName,0,7999;NEIGHBORHO "NEIGHBORHO" true true false 50 Text 0 0,First,#,CleanedPoints_Identity,NEIGHBORHO,0,49;ParkName "ParkName" true true false 50 Text 0 0,First,#,CleanedPoints_Identity,ParkName,0,49" #</Process></lineage><itemProps><itemName Sync="TRUE">WildlifePoints.csv</itemName><imsContentType Sync="TRUE">005</imsContentType><itemLocation><linkage Sync="TRUE">file://\\CENV-L-AH215-05\C$\Users\wangsne\OneDrive - Western Washington University\Classes\ESCI599\AppDevelopment\Assignments\FinalProject\Data\WildlifePoints.csv</linkage><protocol Sync="TRUE">Local Area Network</protocol></itemLocation><itemSize Sync="TRUE">0.000</itemSize></itemProps><coordRef><type Sync="TRUE">Geographic</type><geogcsn Sync="TRUE">GCS_WGS_1984</geogcsn><csUnits Sync="TRUE">Angular Unit: Degree (0.017453)</csUnits><peXml Sync="TRUE">&lt;GeographicCoordinateSystem xsi:type='typens:GeographicCoordinateSystem' xmlns:xsi='http://www.w3.org/2001/XMLSchema-instance' xmlns:xs='http://www.w3.org/2001/XMLSchema' xmlns:typens='http://www.esri.com/schemas/ArcGIS/3.4.0'&gt;&lt;WKT&gt;GEOGCS[&amp;quot;GCS_WGS_1984&amp;quot;,DATUM[&amp;quot;D_WGS_1984&amp;quot;,SPHEROID[&amp;quot;WGS_1984&amp;quot;,6378137.0,298.257223563]],PRIMEM[&amp;quot;Greenwich&amp;quot;,0.0],UNIT[&amp;quot;Degree&amp;quot;,0.0174532925199433],AUTHORITY[&amp;quot;EPSG&amp;quot;,4326]]&lt;/WKT&gt;&lt;XOrigin&gt;-400&lt;/XOrigin&gt;&lt;YOrigin&gt;-400&lt;/YOrigin&gt;&lt;XYScale&gt;999999999.99999988&lt;/XYScale&gt;&lt;ZOrigin&gt;-100000&lt;/ZOrigin&gt;&lt;ZScale&gt;10000&lt;/ZScale&gt;&lt;MOrigin&gt;-100000&lt;/MOrigin&gt;&lt;MScale&gt;10000&lt;/MScale&gt;&lt;XYTolerance&gt;8.983152841195215e-09&lt;/XYTolerance&gt;&lt;ZTolerance&gt;0.001&lt;/ZTolerance&gt;&lt;MTolerance&gt;0.001&lt;/MTolerance&gt;&lt;HighPrecision&gt;true&lt;/HighPrecision&gt;&lt;LeftLongitude&gt;-180&lt;/LeftLongitude&gt;&lt;WKID&gt;4326&lt;/WKID&gt;&lt;LatestWKID&gt;4326&lt;/LatestWKID&gt;&lt;/GeographicCoordinateSystem&gt;</peXml></coordRef></DataProperties><SyncDate>20250521</SyncDate><SyncTime>11070300</SyncTime><ModDate>20250521</ModDate><ModTime>11070300</ModTime></Esri><dataIdInfo><envirDesc Sync="TRUE">Microsoft Windows 10 Version 10.0 (Build 26100) ; Esri ArcGIS 13.4.0.55405</envirDesc><dataLang><languageCode value="eng" Sync="TRUE"></languageCode><countryCode value="USA" Sync="TRUE"></countryCode></dataLang><idCitation><resTitle Sync="TRUE">WildlifePoints.csv</resTitle><presForm><PresFormCd value="001" Sync="TRUE"></PresFormCd></presForm></idCitation><spatRpType><SpatRepTypCd value="001" Sync="TRUE"></SpatRepTypCd></spatRpType></dataIdInfo><mdLang><languageCode value="eng" Sync="TRUE"></languageCode><countryCode value="USA" Sync="TRUE"></countryCode></mdLang><distInfo><distFormat><formatName Sync="TRUE">Text File</formatName></distFormat><distTranOps><transSize Sync="TRUE">0.000</transSize></distTranOps></distInfo><mdHrLv><ScopeCd value="007" Sync="TRUE"></ScopeCd></mdHrLv><mdHrLvName Sync="TRUE">non-geographic dataset</mdHrLvName><refSysInfo><RefSystem><refSysID><identCode code="4326" Sync="TRUE"></identCode><idCodeSpace Sync="TRUE">EPSG</idCodeSpace><idVersion Sync="TRUE">6.2(3.0.1)</idVersion></refSysID></RefSystem></refSysInfo><spatRepInfo><VectSpatRep><geometObjs Name="CleanedPoints_Identity"><geoObjTyp><GeoObjTypCd value="004" Sync="TRUE"></GeoObjTypCd></geoObjTyp><geoObjCnt Sync="TRUE">0</geoObjCnt></geometObjs><topLvl><TopoLevCd value="001" Sync="TRUE"></TopoLevCd></topLvl></VectSpatRep></spatRepInfo><spdoinfo><ptvctinf><esriterm Name="CleanedPoints_Identity"><efeatyp Sync="TRUE">Simple</efeatyp><efeageom code="1" Sync="TRUE"></efeageom><esritopo Sync="TRUE">FALSE</esritopo><efeacnt Sync="TRUE">0</efeacnt><spindex Sync="TRUE">TRUE</spindex><linrefer Sync="TRUE">FALSE</linrefer></esriterm></ptvctinf></spdoinfo><eainfo><detailed Name="WildlifePoints.csv"><enttyp><enttypl Sync="TRUE">WildlifePoints.csv</enttypl><enttypt Sync="TRUE">Table</enttypt><enttypc Sync="TRUE">0</enttypc></enttyp><attr><attrlabl Sync="TRUE">FID_CleanedPoints_XYTab_Identity</attrlabl><attalias Sync="TRUE">FID_CleanedPoints_XYTab_Identity</attalias><attrtype Sync="TRUE">Integer</attrtype><attwidth Sync="TRUE">4</attwidth><atprecis Sync="TRUE">0</atprecis><attscale Sync="TRUE">0</attscale></attr><attr><attrlabl Sync="TRUE">FID_CleanedPoints_XYTableToPoint</attrlabl><attalias Sync="TRUE">FID_CleanedPoints_XYTableToPoint</attalias><attrtype Sync="TRUE">Integer</attrtype><attwidth Sync="TRUE">4</attwidth><atprecis Sync="TRUE">0</atprecis><attscale Sync="TRUE">0</attscale></attr><attr><attrlabl Sync="TRUE">kingdom</attrlabl><attalias Sync="TRUE">kingdom</attalias><attrtype Sync="TRUE">String</attrtype><attwidth Sync="TRUE">8000</attwidth><atprecis Sync="TRUE">0</atprecis><attscale Sync="TRUE">0</attscale></attr><attr><attrlabl Sync="TRUE">phylum</attrlabl><attalias Sync="TRUE">phylum</attalias><attrtype Sync="TRUE">String</attrtype><attwidth Sync="TRUE">8000</attwidth><atprecis Sync="TRUE">0</atprecis><attscale Sync="TRUE">0</attscale></attr><attr><attrlabl Sync="TRUE">class</attrlabl><attalias Sync="TRUE">class</attalias><attrtype Sync="TRUE">String</attrtype><attwidth Sync="TRUE">8000</attwidth><atprecis Sync="TRUE">0</atprecis><attscale Sync="TRUE">0</attscale></attr><attr><attrlabl Sync="TRUE">order_</attrlabl><attalias Sync="TRUE">order_</attalias><attrtype Sync="TRUE">String</attrtype><attwidth Sync="TRUE">8000</attwidth><atprecis Sync="TRUE">0</atprecis><attscale Sync="TRUE">0</attscale></attr><attr><attrlabl Sync="TRUE">family</attrlabl><attalias Sync="TRUE">family</attalias><attrtype Sync="TRUE">String</attrtype><attwidth Sync="TRUE">8000</attwidth><atprecis Sync="TRUE">0</atprecis><attscale Sync="TRUE">0</attscale></attr><attr><attrlabl Sync="TRUE">genus</attrlabl><attalias Sync="TRUE">genus</attalias><attrtype Sync="TRUE">String</attrtype><attwidth Sync="TRUE">8000</attwidth><atprecis Sync="TRUE">0</atprecis><attscale Sync="TRUE">0</attscale></attr><attr><attrlabl Sync="TRUE">species</attrlabl><attalias Sync="TRUE">species</attalias><attrtype Sync="TRUE">String</attrtype><attwidth Sync="TRUE">8000</attwidth><atprecis Sync="TRUE">0</atprecis><attscale Sync="TRUE">0</attscale></attr><attr><attrlabl Sync="TRUE">infraspecificEpithet</attrlabl><attalias Sync="TRUE">infraspecificEpithet</attalias><attrtype Sync="TRUE">String</attrtype><attwidth Sync="TRUE">8000</attwidth><atprecis Sync="TRUE">0</atprecis><attscale Sync="TRUE">0</attscale></attr><attr><attrlabl Sync="TRUE">taxonRank</attrlabl><attalias Sync="TRUE">taxonRank</attalias><attrtype Sync="TRUE">String</attrtype><attwidth Sync="TRUE">8000</attwidth><atprecis Sync="TRUE">0</atprecis><attscale Sync="TRUE">0</attscale></attr><attr><attrlabl Sync="TRUE">scientificName</attrlabl><attalias Sync="TRUE">scientificName</attalias><attrtype Sync="TRUE">String</attrtype><attwidth Sync="TRUE">8000</attwidth><atprecis Sync="TRUE">0</atprecis><attscale Sync="TRUE">0</attscale></attr><attr><attrlabl Sync="TRUE">verbatimScientificName</attrlabl><attalias Sync="TRUE">verbatimScientificName</attalias><attrtype Sync="TRUE">String</attrtype><attwidth Sync="TRUE">8000</attwidth><atprecis Sync="TRUE">0</atprecis><attscale Sync="TRUE">0</attscale></attr><attr><attrlabl Sync="TRUE">decimalLatitude</attrlabl><attalias Sync="TRUE">decimalLatitude</attalias><attrtype Sync="TRUE">Double</attrtype><attwidth Sync="TRUE">8</attwidth><atprecis Sync="TRUE">0</atprecis><attscale Sync="TRUE">0</attscale></attr><attr><attrlabl Sync="TRUE">decimalLongitude</attrlabl><attalias Sync="TRUE">decimalLongitude</attalias><attrtype Sync="TRUE">Double</attrtype><attwidth Sync="TRUE">8</attwidth><atprecis Sync="TRUE">0</atprecis><attscale Sync="TRUE">0</attscale></attr><attr><attrlabl Sync="TRUE">day</attrlabl><attalias Sync="TRUE">day</attalias><attrtype Sync="TRUE">String</attrtype><attwidth Sync="TRUE">8000</attwidth><atprecis Sync="TRUE">0</atprecis><attscale Sync="TRUE">0</attscale></attr><attr><attrlabl Sync="TRUE">month</attrlabl><attalias Sync="TRUE">month</attalias><attrtype Sync="TRUE">String</attrtype><attwidth Sync="TRUE">8000</attwidth><atprecis Sync="TRUE">0</atprecis><attscale Sync="TRUE">0</attscale></attr><attr><attrlabl Sync="TRUE">year</attrlabl><attalias Sync="TRUE">year</attalias><attrtype Sync="TRUE">String</attrtype><attwidth Sync="TRUE">8000</attwidth><atprecis Sync="TRUE">0</atprecis><attscale Sync="TRUE">0</attscale></attr><attr><attrlabl Sync="TRUE">subfamily</attrlabl><attalias Sync="TRUE">subfamily</attalias><attrtype Sync="TRUE">String</attrtype><attwidth Sync="TRUE">8000</attwidth><atprecis Sync="TRUE">0</atprecis><attscale Sync="TRUE">0</attscale></attr><attr><attrlabl Sync="TRUE">suborder</attrlabl><attalias Sync="TRUE">suborder</attalias><attrtype Sync="TRUE">String</attrtype><attwidth Sync="TRUE">8000</attwidth><atprecis Sync="TRUE">0</atprecis><attscale Sync="TRUE">0</attscale></attr><attr><attrlabl Sync="TRUE">commonName</attrlabl><attalias Sync="TRUE">commonName</attalias><attrtype Sync="TRUE">String</attrtype><attwidth Sync="TRUE">8000</attwidth><atprecis Sync="TRUE">0</atprecis><attscale Sync="TRUE">0</attscale></attr><attr><attrlabl Sync="TRUE">genusName</attrlabl><attalias Sync="TRUE">genusName</attalias><attrtype Sync="TRUE">String</attrtype><attwidth Sync="TRUE">8000</attwidth><atprecis Sync="TRUE">0</atprecis><attscale Sync="TRUE">0</attscale></attr><attr><attrlabl Sync="TRUE">familyName</attrlabl><attalias Sync="TRUE">familyName</attalias><attrtype Sync="TRUE">String</attrtype><attwidth Sync="TRUE">8000</attwidth><atprecis Sync="TRUE">0</atprecis><attscale Sync="TRUE">0</attscale></attr><attr><attrlabl Sync="TRUE">orderName</attrlabl><attalias Sync="TRUE">orderName</attalias><attrtype Sync="TRUE">String</attrtype><attwidth Sync="TRUE">8000</attwidth><atprecis Sync="TRUE">0</atprecis><attscale Sync="TRUE">0</attscale></attr><attr><attrlabl Sync="TRUE">className</attrlabl><attalias Sync="TRUE">className</attalias><attrtype Sync="TRUE">String</attrtype><attwidth Sync="TRUE">8000</attwidth><atprecis Sync="TRUE">0</atprecis><attscale Sync="TRUE">0</attscale></attr><attr><attrlabl Sync="TRUE">subfamilyName</attrlabl><attalias Sync="TRUE">subfamilyName</attalias><attrtype Sync="TRUE">String</attrtype><attwidth Sync="TRUE">8000</attwidth><atprecis Sync="TRUE">0</atprecis><attscale Sync="TRUE">0</attscale></attr><attr><attrlabl Sync="TRUE">suborderName</attrlabl><attalias Sync="TRUE">suborderName</attalias><attrtype Sync="TRUE">String</attrtype><attwidth Sync="TRUE">8000</attwidth><atprecis Sync="TRUE">0</atprecis><attscale Sync="TRUE">0</attscale></attr><attr><attrlabl Sync="TRUE">NEIGHBORHO</attrlabl><attalias Sync="TRUE">NEIGHBORHO</attalias><attrtype Sync="TRUE">String</attrtype><attwidth Sync="TRUE">50</attwidth><atprecis Sync="TRUE">0</atprecis><attscale Sync="TRUE">0</attscale></attr><attr><attrlabl Sync="TRUE">ParkName</attrlabl><attalias Sync="TRUE">ParkName</attalias><attrtype Sync="TRUE">String</attrtype><attwidth Sync="TRUE">50</attwidth><atprecis Sync="TRUE">0</atprecis><attscale Sync="TRUE">0</attscale></attr></detailed></eainfo><mdDateSt Sync="TRUE">20250521</mdDateSt></metadata>
